k,p_k,N,mean_depth,median_depth,p95_depth,max_depth
1,2,9,2.0,0,6,7
2,3,25,2.5,1,12,19
3,5,49,1.8958333333333333,1,5,19
4,7,121,1.6916666666666667,1,7,9
5,11,169,1.7083333333333333,1,7,13
6,13,289,1.75,1,7,15
7,17,361,1.7666666666666666,1,7,15
8,19,529,1.7840909090909092,1,7,15
9,23,841,1.8023809523809524,1,7,19
10,29,961,1.809375,1,7,21
11,31,1369,1.820906432748538,1,7,35
12,37,1681,1.8261904761904761,1,7,35
13,41,1849,1.8306277056277056,1,7,35
14,43,2209,1.8360507246376812,1,8,35
15,47,2809,1.8408119658119657,1,9,35
16,53,3481,1.8477011494252873,1,9,35
17,59,3721,1.8486559139784946,1,9,35
18,61,4489,1.853386809269162,1,9,35
19,67,5041,1.8557539682539683,1,9,35
20,71,5329,1.8577327327327327,1,9,35
21,73,6241,1.8607371794871794,1,9,35
22,79,6889,1.8625145180023228,1,9,35
23,83,7921,1.8654040404040404,1,9,35
24,89,9409,1.8686224489795917,1,9,35
25,97,10201,1.8698039215686275,1,9,37
26,101,10609,1.8707579185520362,1,9,37
27,103,11449,1.8723794549266248,1,9,37
28,107,11881,1.8734006734006734,1,9,37
29,109,12769,1.874138471177945,1,9,37
30,113,16129,1.8776041666666667,1,9,45
31,127,17161,1.879020979020979,1,9,45
32,131,18769,1.8803282182438192,1,9,45
33,137,19321,1.8811594202898552,1,9,45
34,139,22201,1.8827027027027028,1,9,53
35,149,22801,1.883201754385965,1,9,53
36,151,24649,1.8843719571567672,1,9,53
37,157,26569,1.8855389942788316,1,9,53
38,163,27889,1.886259323006311,1,9,53
39,167,29929,1.8872293504410584,1,9,53
40,173,32041,1.8884207240948814,1,9,73
41,179,32761,1.8885225885225885,1,9,73
42,181,36481,1.8898848684210525,1,9,73
43,191,37249,1.8900612113402062,1,9,73
44,193,38809,1.8906926406926408,1,9,73
45,197,39601,1.890959595959596,1,9,73
46,199,44521,1.8923629829290207,1,9,73
47,211,49729,1.893782175032175,1,9,73
48,223,51529,1.894174041297935,1,9,73
49,227,52441,1.8944317315026697,1,9,73
50,229,54289,1.894912319481285,1,9,73
51,233,57121,1.8953081232492996,1,9,73
52,239,58081,1.8954717630853994,1,9,73
53,241,63001,1.8965396825396825,1,9,73
54,251,66049,1.8970748546511629,1,9,73
55,257,69169,1.8976839000693964,1,9,73
56,263,72361,1.8980928689883914,1,9,73
57,269,73441,1.898338779956427,1,9,73
58,271,76729,1.898824418725889,1,9,73
59,277,78961,1.8991261398176291,1,9,73
60,281,80089,1.899298271900909,1,9,73
61,283,85849,1.8999860218059827,1,9,73
62,293,94249,1.900963415669298,1,9,73
63,307,96721,1.90118899917287,1,9,73
64,311,97969,1.9013453372529805,1,9,73
65,313,100489,1.9016499482525278,1,9,73
66,317,109561,1.9025191675794086,1,9,73
67,331,113569,1.9029127923358693,1,9,73
68,337,120409,1.9035446149757491,1,9,73
69,347,121801,1.9036124794745484,1,9,73
70,349,124609,1.9038263995891114,1,9,73
71,353,128881,1.904158907510863,1,9,73
72,359,134689,1.904609170824424,1,9,73
73,367,139129,1.9048789603818066,1,9,73
74,373,143641,1.9051865775549985,1,9,73
75,379,146689,1.905418302792321,1,9,73
76,383,151321,1.9056767116045465,1,9,73
77,389,157609,1.9060326886960053,1,9,87
78,397,160801,1.90625,1,9,87
79,401,167281,1.9066654710664754,1,9,87
80,409,175561,1.9071998177261336,1,9,87
81,419,177241,1.9072218460844053,1,9,87
82,421,185761,1.9076119724375538,1,9,87
83,431,187489,1.907652756443079,1,9,87
84,433,192721,1.9079337899543378,1,9,87
85,439,196249,1.908095878684114,1,9,87
86,443,201601,1.9083779761904762,1,9,87
87,449,208849,1.9086560560790622,1,9,87
88,457,212521,1.9087850555241859,1,9,87
89,461,214369,1.9088903194506643,1,9,87
90,463,218089,1.909082572172701,1,9,87
91,467,229441,1.9094621687587168,1,9,87
92,479,237169,1.9098023342103487,1,9,87
93,487,241081,1.9099552015928323,1,9,87
94,491,249001,1.9101646586345382,1,9,87
95,499,253009,1.910319041295137,1,9,87
96,503,259081,1.910537285780454,1,9,87
97,509,271441,1.9109048040082524,1,9,87
98,521,273529,1.9109780351554502,1,9,87
99,523,292681,1.911575782424491,1,9,87
100,541,299209,1.9118238817143927,1,9,87
101,547,310249,1.9120832366364973,1,9,87
102,557,316969,1.9122403523384064,1,9,87
103,563,323761,1.9123764516926118,1,9,87
104,569,326041,1.9124064531959268,1,9,87
105,571,332929,1.9125816993464053,1,9,87
106,577,344569,1.912861902440157,1,9,87
107,587,351649,1.9130124442624443,1,9,87
108,593,358801,1.9131605351170569,1,9,87
109,599,361201,1.9132696566998892,1,9,97
110,601,368449,1.9133826211568525,1,9,97
111,607,375769,1.9135769943156415,1,9,113
112,613,380689,1.9136983566595218,1,9,113
113,617,383161,1.9137592650589832,1,9,113
114,619,398161,1.9140295358649788,1,9,113
115,631,410881,1.9143131814641745,1,9,113
116,641,413449,1.9143737543778179,1,9,113
117,643,418609,1.9144593509918588,1,7,113
118,647,426409,1.914600570345772,1,7,113
119,653,434281,1.9147024960854748,1,7,113
120,659,436921,1.9147326741737618,1,7,113
121,661,452929,1.9150306450473364,1,7,113
122,673,458329,1.9151437398544273,1,7,113
123,677,466489,1.915303287544374,1,7,113
124,683,477481,1.9154393901315239,1,7,113
125,691,491401,1.9156491656491657,1,7,113
126,701,502681,1.9158112516909367,1,7,115
127,709,516961,1.9160244506344786,1,7,115
128,719,528529,1.9161558138830865,1,7,115
129,727,537289,1.9162739536338054,1,7,115
130,733,546121,1.916430454845089,1,7,115
131,739,552049,1.9165054488015534,1,7,115
132,743,564001,1.9166879432624113,1,7,115
133,751,573049,1.91678184026469,1,7,115
134,757,579121,1.916861790302528,1,7,115
135,761,591361,1.91700487012987,1,7,115
136,769,597529,1.9170699950462573,1,7,115
137,773,619369,1.9173060280802365,1,7,115
138,787,635209,1.9175246533418975,1,7,115
139,797,654481,1.9177576090942428,1,7,115
140,809,657721,1.9177948063005534,1,7,115
141,811,674041,1.9179662928016141,1,7,115
142,821,677329,1.9180027992346396,1,7,115
143,823,683929,1.9180615503386322,1,7,115
144,827,687241,1.9180970257842966,1,7,115
145,829,703921,1.9182719627230367,1,7,115
146,839,727609,1.9184794559707974,1,7,115
147,853,734449,1.9185469903927848,1,7,115
148,857,737881,1.918573480782783,1,7,115
149,859,744769,1.9186646042794535,1,7,115
150,863,769129,1.9188730614410086,1,7,115
151,877,776161,1.918944547515976,1,7,115
152,881,779689,1.9189739998563529,1,7,115
153,883,786769,1.9190333109633335,1,7,115
154,887,822649,1.9193227236922719,1,7,115
155,907,829921,1.9193753614806246,1,7,115
156,911,844561,1.9194929904328881,1,7,115
157,919,863041,1.9196445124212087,1,7,115
158,929,877969,1.9197601734915168,1,7,115
159,937,885481,1.91981411211998,1,7,115
160,941,896809,1.9198947823837433,1,7,115
161,947,908209,1.919984188644011,1,7,115
162,953,935089,1.9201700802491317,1,7,115
163,967,942841,1.9202335497009038,1,7,115
164,971,954529,1.9203281621911563,1,7,115
165,977,966289,1.9204171013196893,1,7,115
166,983,982081,1.9205370234604107,1,7,115
167,991,994009,1.920634441573911,1,7,115
168,997,1018081,1.9207616297344021,1,7,115
169,1009,1026169,1.9208024417054517,1,7,115
170,1013,1038361,1.9208877460610962,1,7,115
171,1019,1042441,1.920918230305821,1,7,115
172,1021,1062961,1.9210798148566268,1,7,115
173,1031,1067089,1.9210992907801419,1,7,115
174,1033,1079521,1.921172372906477,1,7,115
175,1039,1100401,1.9212822609960014,1,7,115
176,1049,1104601,1.9213090711569798,1,7,115
177,1051,1125721,1.9214227338947518,1,7,115
178,1061,1129969,1.9214420231369385,1,7,115
179,1063,1142761,1.9215215793342435,1,7,115
180,1069,1181569,1.9216972700682482,1,7,115
181,1087,1190281,1.921738582518399,1,7,115
182,1091,1194649,1.9217610543021877,1,7,115
183,1093,1203409,1.9218203635009905,1,7,115
184,1097,1216609,1.9218967818722217,1,7,115
185,1103,1229881,1.921971249227567,1,7,115
186,1109,1247689,1.9220750700495637,1,7,115
187,1117,1261129,1.9221347872698094,1,7,115
188,1123,1274641,1.9221905793008223,1,7,115
189,1129,1324801,1.922440368357488,1,7,115
190,1151,1329409,1.922469249470441,1,7,115
191,1153,1352569,1.9225879955758232,1,7,119
192,1163,1371241,1.9226692628569761,1,7,133
193,1171,1394761,1.9227752444865067,1,7,133
194,1181,1408969,1.9228328819391214,1,7,133
195,1187,1423249,1.922917861117669,1,7,133
196,1193,1442401,1.922976289517471,1,7,133
197,1201,1471369,1.9231014946634697,1,7,133
198,1213,1481089,1.923132183908046,1,7,133
199,1217,1495729,1.9231838943979118,1,7,133
200,1223,1510441,1.9232323031699372,1,7,133
201,1229,1515361,1.9232558599936649,1,7,133
202,1231,1530169,1.923324105588406,1,7,133
203,1237,1560001,1.9234474358974358,1,7,133
204,1249,1585081,1.923558432381962,1,7,133
205,1259,1630729,1.9237316094406915,1,7,133
206,1277,1635841,1.9237419307511736,1,7,133
207,1279,1646089,1.9237950826444272,1,7,133
208,1283,1661521,1.9238546631999616,1,7,133
209,1289,1666681,1.923873809009528,1,7,133
210,1291,1682209,1.9239142840837755,1,7,133
211,1297,1692601,1.9239619520264681,1,7,133
212,1301,1697809,1.9239790364988267,1,7,133
213,1303,1708249,1.9240116189218428,1,7,133
214,1307,1739761,1.9241337885685381,1,7,133
215,1319,1745041,1.9241587585384863,1,7,133
216,1321,1760929,1.9242087126787695,1,7,133
217,1327,1852321,1.9244984667875962,1,7,133
218,1361,1868689,1.9245352889299872,1,7,133
219,1367,1885129,1.9245950407611578,1,7,133
220,1373,1907161,1.9246680928710753,1,7,133
221,1381,1957201,1.9248002248109544,1,7,133
222,1399,1985281,1.924901273372018,1,7,133
223,1409,2024929,1.9250012839962705,1,7,149
224,1423,2036329,1.9250287772893169,1,7,149
225,1427,2042041,1.9250514191690662,1,7,149
226,1429,2053489,1.92509086977864,1,7,149
227,1433,2070721,1.9251313552773914,1,7,149
228,1439,2093809,1.9252018332148888,1,7,149
229,1447,2105401,1.9252365346252494,1,7,149
230,1451,2111209,1.9252503779826526,1,7,149
231,1453,2128681,1.9252992464813876,1,7,149
232,1459,2163841,1.9253812666370895,1,7,149
233,1471,2193361,1.9254664077032497,1,7,149
234,1481,2199289,1.9254890673708946,1,7,149
235,1483,2211169,1.9255131224764468,1,7,149
236,1487,2217121,1.9255371833730244,1,7,149
237,1489,2229049,1.92556957050723,1,7,149
238,1493,2247001,1.9256190476190476,1,7,149
239,1499,2283121,1.9256999194085287,1,7,149
240,1511,2319529,1.9257969724875061,1,7,149
241,1523,2343961,1.9258639225925358,1,7,149
242,1531,2380849,1.9259591540493135,1,7,149
243,1543,2399401,1.9259956655830623,1,7,149
244,1549,2411809,1.9260347424007218,1,7,149
245,1553,2430481,1.926076742042724,1,7,149
246,1559,2455489,1.9261336239476634,1,7,149
247,1567,2468041,1.9261608401808723,1,7,149
248,1571,2493241,1.9262261154160851,1,7,149
249,1579,2505889,1.926249297654165,1,7,149
250,1583,2550409,1.926351391620478,1,7,149
251,1597,2563201,1.926377574906367,1,7,149
252,1601,2582449,1.926407811502884,1,7,149
253,1607,2588881,1.9264237817125551,1,7,149
254,1609,2601769,1.9264538575307253,1,7,149
255,1613,2621161,1.9264997176822476,1,7,149
256,1619,2627641,1.9265158088627057,1,7,149
257,1621,2647129,1.926550586144682,1,7,149
258,1627,2679769,1.9266193939176823,1,7,149
259,1637,2745649,1.9267539029037954,1,7,149
260,1657,2765569,1.9267955081921688,1,7,149
261,1663,2778889,1.9268239669968708,1,7,149
262,1667,2785561,1.9268373325291863,1,7,149
263,1669,2866249,1.9269770096655976,1,7,149
264,1693,2879809,1.927012495277463,1,7,149
265,1697,2886601,1.9270238342686898,1,7,149
266,1699,2920681,1.9270888971061533,1,7,149
267,1709,2961841,1.9271773627204711,1,7,149
268,1721,2968729,1.927185313036425,1,7,149
269,1723,3003289,1.9272454057020172,1,7,149
270,1733,3031081,1.9273011599825804,1,7,149
271,1741,3052009,1.9273461930637141,1,7,149
272,1747,3073009,1.9273841786288874,1,7,149
273,1753,3094081,1.9274081471713724,1,7,149
274,1759,3157729,1.9275184563078265,1,7,149
275,1777,3179089,1.9275575259319655,1,7,149
276,1783,3193369,1.9275780304681451,1,7,149
277,1787,3200521,1.927585204904203,1,7,149
278,1789,3243601,1.9276501418177334,1,7,149
279,1801,3279721,1.9277069383971803,1,7,149
280,1811,3323329,1.9277832341556416,1,7,149
281,1823,3352561,1.9278342520342664,1,7,149
282,1831,3411409,1.927922722817089,1,7,149
283,1847,3463321,1.928003476433018,1,7,149
284,1861,3485689,1.9280520803927375,1,7,149
285,1867,3500641,1.9280788655788657,1,7,149
286,1871,3508129,1.9280915633637086,1,7,149
287,1873,3523129,1.9281170028451988,1,7,149
288,1877,3530641,1.9281359753472458,1,7,149
289,1879,3568321,1.9281902968343647,1,7,149
290,1889,3613801,1.9282500415075543,1,7,149
291,1901,3636649,1.9282787336030323,1,7,149
292,1907,3659569,1.9283215942428178,1,7,149
293,1913,3728761,1.928406494384192,1,7,149
294,1931,3736489,1.9284140615465646,1,7,149
295,1933,3798601,1.9285139261833306,1,7,149
296,1949,3806401,1.9285230138713745,1,7,149
297,1951,3892729,1.9286382197780065,1,7,149
298,1973,3916441,1.9286676165088703,1,7,149
299,1979,3948169,1.9287059213285758,1,7,149
300,1987,3972049,1.9287443152751427,1,7,149
301,1993,3988009,1.928768447806524,1,7,149
302,1997,3996001,1.92878003003003,1,7,149
303,1999,4012009,1.9288024849402094,1,7,149
304,2003,4044121,1.928835692313779,1,7,149
305,2011,4068289,1.9288686051724953,1,7,149
306,2017,4108729,1.928916199855527,1,7,149
307,2027,4116841,1.9289267982238805,1,7,149
308,2029,4157521,1.9289860301333488,1,7,149
309,2039,4214809,1.9290499116448483,1,7,149
310,2053,4255969,1.9291023804690262,1,7,149
311,2063,4280761,1.9291361814257282,1,7,149
312,2069,4330561,1.9292017660533511,1,7,149
313,2081,4338889,1.9292122774314524,1,7,149
314,2083,4355569,1.929235635857367,1,7,149
315,2087,4363921,1.9292473280903408,1,7,149
316,2089,4405801,1.9292972899359935,1,7,149
317,2099,4456321,1.9293434941835417,1,7,149
318,2111,4464769,1.9293524321980449,1,7,149
319,2113,4532641,1.9294322955275514,1,7,149
320,2129,4541161,1.9294429176686132,1,7,149
321,2131,4566769,1.9294702511710689,1,7,149
322,2137,4583881,1.9294883373910312,1,7,149
323,2141,4592449,1.9294988206725476,1,7,149
324,2143,4635409,1.9295462233313658,1,7,149
325,2153,4669921,1.9295878730256621,1,7,155
326,2161,4748041,1.9296655040816841,1,7,155
327,2179,4853209,1.9297806729074871,1,7,155
328,2203,4870849,1.9297990822131998,1,7,155
329,2207,4897369,1.929820262639034,1,7,155
330,2213,4932841,1.929855215251255,1,7,155
331,2221,5004169,1.9299202185058535,1,7,155
332,2237,5013121,1.9299328561853697,1,7,155
333,2239,5031049,1.9299499825881208,1,7,155
334,2243,5067001,1.9299891454509572,1,7,155
335,2251,5139289,1.9300609345107727,1,7,155
336,2267,5148361,1.930069575554157,1,7,155
337,2269,5166529,1.9300886397983326,1,7,155
338,2273,5202961,1.9301266971108753,1,7,155
339,2281,5230369,1.9301506127293528,1,7,155
340,2287,5257849,1.9301742842318759,1,7,155
341,2293,5276209,1.9301903943134917,1,7,155
342,2297,5331481,1.9302448850975713,1,7,155
343,2309,5340721,1.9302524753216794,1,7,155
344,2311,5442889,1.9303485576039778,1,7,155
345,2333,5470921,1.9303740504339306,1,7,155
346,2339,5480281,1.930384213945273,1,7,155
347,2341,5508409,1.930407115812772,1,7,155
348,2347,5527201,1.9304315023881893,1,7,155
349,2351,5555449,1.9304596136981211,1,7,155
350,2357,5621641,1.9305195636860417,1,7,155
351,2371,5650129,1.9305477681213594,1,7,155
352,2377,5669161,1.9305674914802193,1,7,155
353,2381,5678689,1.9305755132171374,1,7,155
354,2383,5707321,1.9305957962756601,1,7,155
355,2389,5726449,1.9306109127333384,1,7,155
356,2393,5755201,1.930634904086739,1,7,155
357,2399,5812921,1.9306914597138787,1,7,155
358,2411,5841889,1.9307198289320164,1,7,155
359,2417,5870929,1.9307448498772255,1,7,155
360,2423,5938969,1.9307873017669064,1,7,155
361,2437,5958481,1.9308056752728884,1,7,155
362,2441,5987809,1.9308304474692575,1,7,155
363,2447,6046681,1.9308822362023457,1,7,155
364,2459,6086089,1.9309185144874672,1,7,155
365,2467,6115729,1.9309367584693107,1,7,155
366,2473,6135529,1.9309545975505287,1,7,155
367,2477,6265009,1.9310559539588776,1,7,155
368,2503,6355441,1.9311202686202686,1,7,155
369,2521,6405961,1.931165196161075,1,7,155
370,2531,6446521,1.9311999342280797,1,7,155
371,2539,6466849,1.931213011346486,1,7,155
372,2543,6497401,1.9312388032135932,1,7,155
373,2549,6507601,1.931245466838773,1,7,155
374,2551,6538249,1.9312681317686329,1,7,155
375,2557,6651241,1.9313488913345482,1,7,155
376,2579,6713281,1.9313937449354115,1,7,155
377,2591,6723649,1.9313988477683544,1,7,155
378,2593,6806881,1.9314599346543497,1,7,155
379,2609,6848689,1.9314878995801823,1,7,155
380,2617,6869641,1.9314967014283135,1,7,155
381,2621,6932689,1.9315425705007927,1,7,155
382,2633,7006609,1.931590293049076,1,7,155
383,2647,7059649,1.9316186869373657,1,7,155
384,2657,7070281,1.931631137663572,1,7,155
385,2659,7091569,1.9316410700708222,1,7,155
386,2663,7134241,1.9316744320348067,1,7,155
387,2671,7166329,1.9316964001647705,1,7,155
388,2677,7198489,1.931719827830511,1,7,155
389,2683,7219969,1.9317341849714569,1,7,155
390,2687,7230721,1.9317423437776597,1,7,155
391,2689,7252249,1.931754264332935,1,7,155
392,2693,7284601,1.931774977349477,1,7,155
393,2699,7327849,1.931803170589783,1,7,155
394,2707,7349521,1.931820309353536,1,7,155
395,2711,7360369,1.9318270499518502,1,7,155
396,2713,7392961,1.9318482718694543,1,7,155
397,2719,7447441,1.9318815593009142,1,7,155
398,2729,7458361,1.931889450227664,1,7,155
399,2731,7513081,1.9319308459380173,1,7,155
400,2741,7557001,1.9319554055842265,1,7,155
401,2749,7579009,1.931972759495702,1,7,155
402,2753,7656289,1.932016794561542,1,7,155
403,2767,7711729,1.9320501189875992,1,7,155
404,2777,7778521,1.9320950515007997,1,7,155
405,2789,7789681,1.9321042712922738,1,7,155
406,2791,7823209,1.9321220910910204,1,7,155
407,2797,7845601,1.9321335525644947,1,7,155
408,2801,7856809,1.9321406352299815,1,7,155
409,2803,7946761,1.9321909809784112,1,7,155
410,2819,8025889,1.9322408934687352,1,7,155
411,2833,8048569,1.9322566449087588,1,7,155
412,2837,8082649,1.9322765262077477,1,7,155
413,2843,8128201,1.9323017396225486,1,7,155
414,2851,8162449,1.9323247143504008,1,7,155
415,2857,8185321,1.932336060166249,1,7,155
416,2861,8288641,1.932393854721643,1,7,155
417,2879,8334769,1.9324217542707847,1,7,155
418,2887,8392609,1.9324525820817557,1,7,155
419,2897,8427409,1.9324741367689804,1,7,155
420,2903,8462281,1.9324956158387574,1,7,155
421,2909,8508889,1.9325199720574533,1,7,155
422,2917,8567329,1.9325501486577845,1,7,155
423,2927,8637721,1.9325829038218418,1,7,155
424,2939,8720209,1.9326246575769752,1,7,155
425,2953,8743849,1.932636752148482,1,7,155
426,2957,8779369,1.9326556307925582,1,7,155
427,2963,8814961,1.932673545881093,1,7,155
428,2969,8826841,1.932679531972937,1,7,155
429,2971,8994001,1.9327687347120301,1,7,155
430,2999,9006001,1.932778147901399,1,7,155
431,3001,9066121,1.9328137064146516,1,7,155
432,3011,9114361,1.9328371931764818,1,7,155
433,3019,9138529,1.9328494698489735,1,7,155
434,3023,9223369,1.9328892656131687,1,7,155
435,3037,9247681,1.9329014412263401,1,7,155
436,3041,9296401,1.9329250032270557,1,7,155
437,3049,9369721,1.932958722352429,1,7,155
438,3061,9406489,1.93297891838059,1,7,155
439,3067,9480241,1.9330188898171354,1,7,155
440,3079,9504889,1.9330305628009503,1,7,155
441,3083,9541921,1.9330480657980784,1,7,155
442,3089,9665881,1.9331039698403043,1,7,155
443,3109,9728161,1.9331351458035229,1,7,155
444,3119,9740641,1.9331390955830419,1,7,155
445,3121,9840769,1.9331865155239916,1,7,155
446,3137,10004569,1.9332726810393013,1,7,155
447,3163,10029889,1.933283003758367,1,7,155
448,3167,10042561,1.9332885240416786,1,7,155
449,3169,10118761,1.9333208812146943,1,7,155
450,3181,10156969,1.9333370942982198,1,7,155
451,3187,10182481,1.9333503233004141,1,7,155
452,3191,10259209,1.9333874505712332,1,7,155
453,3203,10297681,1.9334026693391133,1,7,155
454,3209,10349089,1.933426984097536,1,7,155
455,3217,10374841,1.9334373349372136,1,7,155
456,3221,10426441,1.933458016350739,1,7,155
457,3229,10569001,1.933514334374113,1,7,155
458,3251,10582009,1.9335218797793388,1,7,155
459,3253,10608049,1.9335338603294405,1,7,155
460,3257,10621081,1.9335401861204322,1,7,155
461,3259,10699441,1.9335682989016247,1,7,155
462,3271,10883401,1.9336478490177702,1,7,155
463,3299,10896601,1.9336538002679735,1,7,155
464,3301,10936249,1.933668475696601,1,7,155
465,3307,10975969,1.9336838445593136,1,7,155
466,3313,11015761,1.9337018961923644,1,7,155
467,3319,11042329,1.933713524901633,1,7,155
468,3323,11082241,1.9337256727881729,1,7,155
469,3329,11095561,1.933731330369986,1,7,155
470,3331,11175649,1.9337634828870773,1,7,155
471,3343,11202409,1.9337728102743625,1,7,155
472,3347,11282881,1.9338087438668141,1,7,155
473,3359,11296321,1.9338122503611797,1,7,155
474,3361,11363641,1.933841709170653,1,7,155
475,3371,11377129,1.9338472767468204,1,7,155
476,3373,11485321,1.9338899569189192,1,7,155
477,3389,11498881,1.933895040212612,1,7,155
478,3391,11607649,1.933933902888854,1,7,155
479,3407,11648569,1.9339483617213722,1,7,155
480,3413,11785489,1.9340006964497354,1,7,155
481,3433,11895601,1.9340433437573556,1,7,155
482,3449,11950849,1.9340615829102672,1,7,155
483,3457,11978521,1.9340718218945245,1,7,155
484,3461,11992369,1.9340764059275033,1,7,155
485,3463,12020089,1.9340869218261962,1,7,155
486,3467,12033961,1.934094595627707,1,7,155
487,3469,12187081,1.9341504281583448,1,7,155
488,3491,12243001,1.9341705464346974,1,7,155
489,3499,12327121,1.9341988234072516,1,7,155
490,3511,12369289,1.9342104412153716,1,7,155
491,3517,12439729,1.9342370669197912,1,7,155
492,3527,12453841,1.934241406666538,1,7,155
493,3529,12482089,1.9342518655532632,1,7,155
494,3533,12524521,1.9342669419666383,1,7,155
495,3539,12538681,1.9342752985162712,1,7,155
496,3541,12581209,1.9342910474097559,1,7,155
497,3547,12652249,1.9343138073170871,1,7,155
498,3557,12666481,1.934320900518534,1,7,155
499,3559,12752041,1.934346269302794,1,7,155
500,3571,12823561,1.9343703308597613,1,7,155
501,3581,12837889,1.9343741743190157,1,7,155
502,3583,12909649,1.9344012323186504,1,7,155
503,3593,13010449,1.9344379993678926,1,7,155
504,3607,13053769,1.9344527189390834,1,7,155
505,3613,13082689,1.934466066912243,1,7,155
506,3617,13126129,1.934482430767093,1,7,155
507,3623,13184161,1.9345019326221768,1,7,155
508,3631,13227769,1.93451495369438,1,7,155
509,3637,13271449,1.9345308062842879,1,7,155
510,3643,13388281,1.9345674724460498,1,7,155
511,3659,13476241,1.9346001555329972,1,7,155
512,3671,13490929,1.934605388154173,1,7,155
513,3673,13520329,1.934614456098994,1,7,155
514,3677,13623481,1.9346470945749543,1,7,155
515,3691,13667809,1.9346598225553067,1,7,155
516,3697,13697401,1.9346686962489232,1,7,155
517,3701,13756681,1.93468605797329,1,7,155
518,3709,13830961,1.9347103888667163,1,7,155
519,3719,13890529,1.9347268872716716,1,7,155
520,3727,13935289,1.9347392748538816,1,7,155
521,3733,13980121,1.9347571408542987,1,7,155
522,3739,14145121,1.9348079054825975,1,7,155
523,3761,14190289,1.9348238739058714,1,7,155
524,3767,14205361,1.9348305850749294,1,7,155
525,3769,14280841,1.9348504009568064,1,7,155
526,3779,14386849,1.9348782304504781,1,7,155
527,3793,14417209,1.9348876009834914,1,7,155
528,3797,14462809,1.9349015073698,1,7,155
529,3803,14600041,1.934942370020904,1,7,155
530,3821,14615329,1.9349487743278837,1,7,155
531,3823,14691889,1.9349719382559953,1,7,155
532,3833,14799409,1.9350017919635705,1,7,155
533,3847,14830201,1.9350108562258095,1,7,155
534,3851,14845609,1.9350130355051811,1,7,155
535,3853,14922769,1.9350397325750825,1,7,155
536,3863,15031129,1.9350720717699963,1,7,155
537,3877,15062161,1.9350813561932685,1,7,155
538,3881,15124321,1.9350997598569721,1,7,155
539,3889,15264649,1.9351390873867513,1,7,155
540,3907,15295921,1.9351475426126705,1,7,155
541,3911,15342889,1.9351614246287923,1,7,155
542,3917,15358561,1.9351648852496588,1,7,155
543,3919,15389929,1.9351761749632617,1,7,155
544,3923,15437041,1.9351924332644082,1,7,155
545,3929,15452761,1.9351975310559408,1,7,155
546,3931,15547249,1.935219918020218,1,7,155
547,3943,15578809,1.9352273935207367,1,7,155
548,3947,15737089,1.9352700448774258,1,7,155
549,3967,15912121,1.9353162243623099,1,7,155
550,3989,16008001,1.9353419540229886,1,7,155
551,4001,16024009,1.935346325338829,1,7,155
552,4003,16056049,1.9353568823411589,1,7,155
553,4007,16104169,1.9353686573562818,1,7,155
554,4013,16152361,1.93538195037753,1,7,155
555,4019,16168441,1.9353874585303221,1,7,155
556,4021,16216729,1.9353986821509246,1,7,155
557,4027,16394401,1.9354476528570732,1,7,155
558,4049,16410601,1.935452268655625,1,7,155
559,4051,16459249,1.9354648523431934,1,7,155
560,4057,16589329,1.9354983517114135,1,7,155
561,4073,16638241,1.9355097654559617,1,7,155
562,4079,16736281,1.9355335235787163,1,7,155
563,4091,16752649,1.935538011662395,1,7,155
564,4093,16801801,1.9355479174850314,1,7,155
565,4099,16900321,1.9355747110113892,1,7,155
566,4111,17032129,1.9356017052009002,1,7,155
567,4127,17048641,1.9356067698068584,1,7,155
568,4129,17081689,1.9356144427880897,1,7,181
569,4133,17131321,1.935627202107018,1,7,181
570,4139,17247409,1.9356597814581762,1,7,181
571,4153,17280649,1.9356687897351998,1,7,181
572,4157,17297281,1.93567162004662,1,7,181
573,4159,17447329,1.9357035644655731,1,7,181
574,4177,17648401,1.935748453117563,1,7,181
575,4201,17732521,1.9357709451335738,1,7,181
576,4211,17783089,1.9357846623713497,1,7,181
577,4217,17799961,1.9357872714320707,1,7,181
578,4219,17884441,1.9358085016919735,1,7,181
579,4229,17901361,1.935812418721259,1,7,181
580,4231,17986081,1.935828262745412,1,7,181
581,4241,18003049,1.935832310173255,1,7,181
582,4243,18088009,1.9358577793640959,1,7,181
583,4253,18139081,1.9358686879378668,1,7,181
584,4259,18156121,1.9358730279376872,1,7,181
585,4261,18241441,1.935891409888693,1,7,181
586,4271,18258529,1.9358958728764992,1,7,181
587,4273,18344089,1.9359130309449017,1,7,181
588,4283,18395521,1.93592766064781,1,7,181
589,4289,18464209,1.9359418503084453,1,7,181
590,4297,18722929,1.9360030119220668,1,7,181
591,4327,18809569,1.9360206996779512,1,7,181
592,4337,18826921,1.9360246391868665,1,7,181
593,4339,18913801,1.9360455857627763,1,7,181
594,4349,18983449,1.9360599296818997,1,7,181
595,4357,19035769,1.9360705593806355,1,7,181
596,4363,19123129,1.9360906855824005,1,7,181
597,4373,19280881,1.9361263593777878,1,7,181
598,4391,19333609,1.936136648679336,1,7,181
599,4397,19439281,1.9361571519109761,1,7,181
600,4409,19545241,1.9361822111163638,1,7,181
601,4421,19562929,1.93618767088444,1,7,181
602,4423,19722481,1.9362214589645927,1,7,181
603,4441,19775809,1.9362317332368923,1,7,181
604,4447,19811401,1.9362376207638026,1,7,181
605,4451,19864849,1.9362488955364774,1,7,181
606,4457,19918369,1.9362607920488264,1,7,181
607,4463,20079361,1.9362911965321603,1,7,181
608,4481,20097289,1.9362949369089004,1,7,181
609,4483,20187049,1.936313323275399,1,7,181
610,4493,20313049,1.9363419020129329,1,7,181
611,4507,20367169,1.936352663266685,1,7,181
612,4513,20403289,1.9363603062408372,1,7,181
613,4517,20421361,1.9363656485170428,1,7,181
614,4519,20457529,1.9363735931340287,1,7,181
615,4523,20675209,1.9364166009841353,1,7,181
616,4547,20693401,1.9364184715899755,1,7,181
617,4549,20802721,1.9364396578908911,1,7,181
618,4561,20857489,1.9364524625400719,1,7,211
619,4567,21003889,1.9364808077437854,1,7,211
620,4583,21077281,1.936493940394586,1,7,211
621,4591,21132409,1.9365059580526744,1,7,211
622,4597,21187609,1.9365178929117435,1,7,211
623,4603,21353641,1.9365494594832544,1,7,211
624,4621,21501769,1.936575401613486,1,7,211
625,4637,21520321,1.936581008089099,1,7,211
626,4639,21557449,1.9365887372197303,1,7,211
627,4643,21613201,1.9365974034386393,1,7,211
628,4649,21631801,1.9366014386227683,1,7,211
629,4651,21687649,1.9366129512983612,1,7,211
630,4657,21743569,1.9366219472351547,1,7,211
631,4663,21836929,1.9366392104237373,1,7,211
632,4673,21893041,1.9366490446278817,1,7,211
633,4679,22005481,1.9366683662433175,1,7,211
634,4691,22118209,1.9366908928607598,1,7,211
635,4703,22287841,1.9367264840379328,1,7,211
636,4721,22306729,1.9367291787482235,1,7,211
637,4723,22363441,1.9367404567454738,1,7,211
638,4729,22401289,1.9367475209461171,1,7,211
639,4733,22572001,1.9367773347510189,1,7,211
640,4751,22648081,1.9367921254252016,1,7,211
641,4759,22877089,1.9368314708585288,1,7,211
642,4783,22915369,1.9368376715573583,1,7,211
643,4787,22934521,1.9368411024080732,1,7,211
644,4789,22972849,1.93684827410167,1,7,211
645,4793,23030401,1.9368567198138114,1,7,211
646,4799,23049601,1.9368602925864222,1,7,211
647,4801,23164969,1.9368811560628965,1,7,211
648,4813,23203489,1.9368885833026483,1,7,211
649,4817,23338561,1.936911189036513,1,7,211
650,4831,23629321,1.9369617068963474,1,7,211
651,4861,23726641,1.936979445888672,1,7,211
652,4871,23785129,1.9369892396627002,1,7,211
653,4877,23902321,1.9370107169513253,1,7,211
654,4889,24039409,1.9370324344093666,1,7,211
655,4903,24098281,1.9370432661584147,1,7,211
656,4909,24196561,1.9370584083026678,1,7,211
657,4919,24314761,1.93707591602796,1,7,211
658,4931,24334489,1.9370796706304239,1,7,211
659,4933,24373969,1.9370860747827354,1,7,211
660,4937,24433249,1.93709505997729,1,7,211
661,4943,24512401,1.9371091366002513,1,7,211
662,4951,24571849,1.9371190966182112,1,7,211
663,4957,24671089,1.9371356869222793,1,7,211
664,4967,24690961,1.9371369926483215,1,7,211
665,4969,24730729,1.9371426510372036,1,7,211
666,4973,24870169,1.9371672117373715,1,7,211
667,4987,24930049,1.9371780591838412,1,7,211
668,4993,24990001,1.9371873949579832,1,7,211
669,4999,25030009,1.9371937476008798,1,7,211
670,5003,25090081,1.93720318946771,1,7,211
671,5009,25110121,1.9372059950330782,1,7,211
672,5011,25210441,1.9372245387228466,1,7,211
673,5021,25230529,1.9372286224053654,1,7,211
674,5023,25391521,1.9372552726264516,1,7,211
675,5039,25512601,1.9372753854957943,1,7,211
676,5051,25593481,1.9372868793145754,1,7,211
677,5059,25775929,1.9373151569945415,1,7,211
678,5077,25816561,1.9373202704000843,1,7,211
679,5081,25877569,1.9373300844963484,1,7,211
680,5087,25999801,1.9373481334471803,1,7,211
681,5099,26020201,1.9373519419527905,1,7,211
682,5101,26081449,1.9373616832930443,1,7,211
683,5107,26142769,1.9373700596662145,1,7,211
684,5113,26204161,1.9373810112592809,1,7,211
685,5119,26491609,1.9374230511035797,1,7,211
686,5147,26553409,1.9374310822927137,1,7,211
687,5153,26697889,1.9374525805187286,1,7,211
688,5167,26739241,1.9374593668331634,1,7,211
689,5171,26822041,1.9374728022178775,1,7,211
690,5179,26925721,1.937487316959398,1,7,211
691,5189,27008809,1.9374984634642152,1,7,211
692,5197,27133681,1.937515921172506,1,7,211
693,5209,27321529,1.9375458429704224,1,7,211
694,5227,27363361,1.9375517480309437,1,7,211
695,5231,27384289,1.9375554332469773,1,7,211
696,5233,27426169,1.9375609454445113,1,7,211
697,5237,27678121,1.9375959783395693,1,7,211
698,5261,27804529,1.9376141900340837,1,7,211
699,5273,27867841,1.9376249110085317,1,7,211
700,5279,27888961,1.937627290512088,1,7,211
701,5281,28058209,1.9376502947016432,1,7,211
702,5297,28121809,1.9376594847671245,1,7,211
703,5303,28185481,1.9376684023121125,1,7,211
704,5309,28334329,1.937686575803033,1,7,211
705,5323,28440889,1.937703492239764,1,7,211
706,5333,28590409,1.937722819485472,1,7,211
707,5347,28633201,1.9377285458837992,1,7,211
708,5351,28955161,1.9377744070486917,1,7,211
709,5381,29019769,1.9377839271492454,1,7,211
710,5387,29084449,1.9377928025314421,1,7,211
711,5393,29149201,1.937802306752844,1,7,211
712,5399,29235649,1.9378157788737913,1,7,211
713,5407,29300569,1.9378225705385643,1,7,211
714,5413,29343889,1.9378283136849486,1,7,211
715,5417,29365561,1.937829757035112,1,7,211
716,5419,29495761,1.9378495078614688,1,7,211
717,5431,29560969,1.937858496379415,1,7,211
718,5437,29604481,1.9378641678556758,1,7,211
719,5441,29626249,1.9378666849747561,1,7,211
720,5443,29691601,1.9378752239690686,1,7,211
721,5449,29931841,1.9379060224830815,1,7,211
722,5471,29997529,1.9379124506526004,1,7,211
723,5477,30019441,1.9379144314484213,1,7,211
724,5479,30063289,1.9379199640438531,1,7,211
725,5483,30261001,1.9379445821354218,1,7,211
726,5501,30283009,1.9379470163598016,1,7,211
727,5503,30327049,1.9379523849469291,1,7,211
728,5507,30459361,1.9379711852120334,1,7,211
729,5519,30481441,1.9379740589683427,1,7,211
730,5521,30547729,1.9379815742761621,1,7,211
731,5527,30591961,1.937987170485317,1,7,211
732,5531,30880249,1.9380210288466595,1,7,211
733,5557,30946969,1.938029664166131,1,7,211
734,5563,31013761,1.9380397604160218,1,7,211
735,5569,31058329,1.9380468581566914,1,7,211
736,5573,31147561,1.938057780448934,1,7,211
737,5581,31259281,1.9380738136003133,1,7,211
738,5591,31618129,1.9381187905874757,1,7,211
739,5623,31798321,1.938142140842661,1,7,211
740,5639,31820881,1.9381438539726117,1,7,211
741,5641,31888609,1.9381509534690258,1,7,211
742,5647,31933801,1.9381575008298417,1,7,211
743,5651,31956409,1.9381600084715405,1,7,211
744,5653,32001649,1.93816480951231,1,7,211
745,5657,32024281,1.9381685396205628,1,7,211
746,5659,32137561,1.9381819590535188,1,7,211
747,5669,32296489,1.9382011753104549,1,7,211
748,5683,32364721,1.9382088273898246,1,7,211
749,5689,32410249,1.9382146042202455,1,7,211
750,5693,32501401,1.93822487646686,1,7,211
751,5701,32615521,1.9382372870339029,1,7,211
752,5711,32684089,1.9382464029591402,1,7,211
753,5717,32913169,1.9382742797654726,1,7,211
754,5737,32959081,1.9382782529123992,1,7,211
755,5741,32982049,1.9382808187047693,1,7,211
756,5743,33051001,1.938289915585005,1,7,211
757,5749,33396841,1.9383279974991645,1,7,211
758,5779,33443089,1.9383334158615975,1,7,211
759,5783,33535681,1.9383455471903357,1,7,211
760,5791,33651601,1.9383589190409967,1,7,211
761,5801,33721249,1.938366931140864,1,7,211
762,5807,33790969,1.9383738873654048,1,7,211
763,5813,33884041,1.9383833214693407,1,7,211
764,5821,33953929,1.9383931956267328,1,7,211
765,5827,34093921,1.9384106609037624,1,7,211
766,5839,34140649,1.938416312426173,1,7,211
767,5843,34210801,1.9384257018251547,1,7,211
768,5849,34234201,1.938428939481571,1,7,211
769,5851,34304449,1.9384369921941318,1,7,211
770,5857,34351321,1.9384439957474706,1,7,211
771,5861,34421689,1.9384524663636484,1,7,211
772,5867,34445161,1.938455620470336,1,7,211
773,5869,34562641,1.9384671425562399,1,7,211
774,5879,34586161,1.9384696653227764,1,7,211
775,5881,34774609,1.9384934260078504,1,7,211
776,5897,34845409,1.938501796276858,1,7,211
777,5903,35081929,1.93852732381185,1,7,211
778,5923,35129329,1.9385322144505583,1,7,211
779,5927,35271721,1.9385467734490975,1,7,211
780,5939,35438209,1.9385646983052867,1,7,211
781,5953,35772361,1.9386008079981305,1,7,211
782,5981,35844169,1.9386081161097113,1,7,211
783,5987,36084049,1.9386345733715906,1,7,211
784,6007,36132121,1.938638917395381,1,7,211
785,6011,36348841,1.9386605459761577,1,7,211
786,6029,36445369,1.9386722065750577,1,7,211
787,6037,36517849,1.9386786702217502,1,7,211
788,6043,36566209,1.9386847003659773,1,7,211
789,6047,36638809,1.9386922740499637,1,7,211
790,6053,36808489,1.9387103050796328,1,7,211
791,6067,36881329,1.9387184485330897,1,7,211
792,6073,36954241,1.9387278969882753,1,7,211
793,6079,37075921,1.9387395376837582,1,7,211
794,6089,37100281,1.9387415404951123,1,7,211
795,6091,37222201,1.9387525723895955,1,7,211
796,6101,37368769,1.9387686262495996,1,7,211
797,6113,37466641,1.9387792980635574,1,7,211
798,6121,37589161,1.9387911834156444,1,7,211
799,6131,37613689,1.9387932127261756,1,7,211
800,6133,37736449,1.9388050247866466,1,7,211
801,6143,37834801,1.9388159049340818,1,7,211
802,6151,37982569,1.9388315450392928,1,7,211
803,6163,38105929,1.9388427700802877,1,7,211
804,6173,38402809,1.9388702774026316,1,7,211
805,6197,38427601,1.93887247707377,1,7,211
806,6199,38477209,1.9388773998362876,1,7,211
807,6203,38576521,1.93888808529126,1,7,211
808,6211,38651089,1.9388956916296898,1,7,211
809,6217,38700841,1.9389005509957924,1,7,211
810,6221,38800441,1.9389081154749792,1,7,211
811,6229,39025009,1.938929775491654,1,7,211
812,6247,39150049,1.938941632970667,1,7,211
813,6257,39225169,1.9389490696381466,1,7,211
814,6263,39300361,1.938954655886104,1,7,211
815,6269,39325441,1.938956232911825,1,7,211
816,6271,39400729,1.9389640973131257,1,7,211
817,6277,39526369,1.9389745852692561,1,7,211
818,6287,39677401,1.9389878621079002,1,7,211
819,6299,39702601,1.9389900409544967,1,7,211
820,6301,39828721,1.9390032368602355,1,7,211
821,6311,39904489,1.9390109954549473,1,7,211
822,6317,39980329,1.9390190845857993,1,7,211
823,6323,40056241,1.939027102893332,1,7,211
824,6329,40157569,1.939035800175947,1,7,211
825,6337,40233649,1.939043931586815,1,7,211
826,6343,40360609,1.9390534453792172,1,7,211
827,6353,40436881,1.9390610254797107,1,7,211
828,6359,40462321,1.939063850021452,1,7,211
829,6361,40538689,1.939070302423206,1,7,211
830,6367,40615129,1.9390793006980058,1,7,211
831,6373,40691641,1.9390869475892345,1,7,211
832,6379,40819321,1.9390961436888219,1,7,211
833,6389,40921609,1.9391068405718563,1,7,211
834,6397,41229241,1.9391341193774128,1,7,211
835,6421,41306329,1.93914264177634,1,7,211
836,6427,41589601,1.9391694558254948,1,7,211
837,6449,41615401,1.9391727341320761,1,7,211
838,6451,41847961,1.9391918267939465,1,7,211
839,6469,41899729,1.9391966458588943,1,7,211
840,6473,42003361,1.9392085061766486,1,7,211
841,6481,42133081,1.9392205839212324,1,7,211
842,6491,42523441,1.9392520689765456,1,7,211
843,6521,42627841,1.9392622990045942,1,7,211
844,6529,42863209,1.9392825194045205,1,7,211
845,6547,42915601,1.939288906598067,1,7,211
846,6551,42941809,1.9392907722935186,1,7,211
847,6553,43072969,1.939303904017016,1,7,211
848,6563,43151761,1.9393101695040944,1,7,211
849,6569,43178041,1.939312043807454,1,7,211
850,6571,43256929,1.939319199920993,1,7,211
851,6577,43309561,1.9393238582890244,1,7,211
852,6581,43546801,1.9393428908668375,1,7,211
853,6599,43652449,1.9393526108776304,1,7,211
854,6607,43811161,1.9393678231756475,1,7,211
855,6619,44049769,1.939386809029278,1,7,211
856,6637,44262409,1.939406459766039,1,7,211
857,6653,44342281,1.9394122043341029,1,7,211
858,6659,44368921,1.9394146848740064,1,7,211
859,6661,44528929,1.939428229666791,1,7,211
860,6673,44609041,1.9394339129467928,1,7,211
861,6679,44742721,1.9394446739044922,1,7,211
862,6689,44769481,1.9394459350432482,1,7,211
863,6691,44903401,1.9394583929056597,1,7,211
864,6701,44930209,1.9394607075934303,1,7,211
865,6703,45010681,1.9394672775439075,1,7,211
866,6709,45144961,1.9394775407930365,1,7,211
867,6719,45333289,1.9394913733149026,1,7,211
868,6733,45387169,1.9394956080978658,1,7,211
869,6737,45711121,1.9395207336858078,1,7,211
870,6761,45738169,1.9395233538868457,1,7,211
871,6763,45954841,1.939539817786331,1,7,211
872,6779,45981961,1.939543268707989,1,7,211
873,6781,46117681,1.9395541362878619,1,7,211
874,6791,46144849,1.9395567843240051,1,7,211
875,6793,46280809,1.9395679306203988,1,7,211
876,6803,46553329,1.9395899257728684,1,7,211
877,6823,46607929,1.9395937746900056,1,7,211
878,6827,46635241,1.9395957220333808,1,7,211
879,6829,46689889,1.9396000264554072,1,7,211
880,6833,46799281,1.93960838713758,1,7,211
881,6841,47018449,1.9396256762877413,1,7,211
882,6857,47100769,1.9396339142495511,1,7,211
883,6863,47183161,1.9396393119918207,1,7,211
884,6869,47210641,1.9396406826935624,1,7,211
885,6871,47375689,1.9396541745209062,1,7,221
886,6883,47596201,1.9396716544598098,1,7,221
887,6899,47706649,1.9396810691876738,1,7,221
888,6907,47761921,1.939686113958568,1,7,221
889,6911,47844889,1.9396921359707227,1,7,221
890,6917,48260809,1.939726330317553,1,7,221
891,6947,48288601,1.9397280310466654,1,7,221
892,6949,48427681,1.9397386164276298,1,7,221
893,6959,48455521,1.9397412100829792,1,7,221
894,6961,48539089,1.9397466841569004,1,7,221
895,6967,48594841,1.9397510517577587,1,7,221
896,6971,48678529,1.9397583262994313,1,7,221
897,6977,48762289,1.9397657468410834,1,7,221
898,6983,48874081,1.9397732294909695,1,7,221
899,6991,48958009,1.9397796372760918,1,7,221
900,6997,49014001,1.9397841637083282,1,7,221
901,7001,49182169,1.9397970622197866,1,7,221
902,7013,49266361,1.939802128673602,1,7,221
903,7019,49378729,1.9398107824891722,1,7,221
904,7027,49547521,1.939821811465034,1,7,221
905,7039,49603849,1.9398251321147504,1,7,221
906,7043,49801249,1.93984000159996,1,7,221
907,7057,49970761,1.939851985441086,1,7,221
908,7069,50112241,1.939863075368413,1,7,221
909,7079,50452609,1.939888181796271,1,7,221
910,7103,50537881,1.9398937391121274,1,7,221
911,7109,50708641,1.9399060199603066,1,7,221
912,7121,50794129,1.9399115189062799,1,7,221
913,7127,50822641,1.9399136093677936,1,7,221
914,7129,51136801,1.9399373249792713,1,7,221
915,7151,51251281,1.9399459876904537,1,7,221
916,7159,51509329,1.9399639226510585,1,7,221
917,7177,51652969,1.9399737494271385,1,7,221
918,7187,51739249,1.9399804573889439,1,7,221
919,7193,51940849,1.9399931822445409,1,7,221
920,7207,51998521,1.9399971383800925,1,7,221
921,7211,52027369,1.9399996555658936,1,7,221
922,7213,52113961,1.9400054419199768,1,7,221
923,7219,52258441,1.9400162921051605,1,7,221
924,7229,52374169,1.9400243837763684,1,7,221
925,7237,52461049,1.940030458407922,1,7,221
926,7243,52519009,1.940035082155398,1,7,221
927,7247,52606009,1.9400414682672746,1,7,221
928,7253,53042089,1.9400708169708554,1,7,221
929,7283,53246209,1.9400848976888645,1,7,221
930,7297,53392249,1.9400944309368655,1,7,221
931,7307,53421481,1.9400963994258489,1,7,221
932,7309,53597041,1.9401099202493273,1,7,221
933,7321,53743561,1.9401194859439903,1,7,221
934,7331,53772889,1.9401216836261426,1,7,221
935,7333,54007801,1.9401373505308492,1,7,221
936,7349,54037201,1.9401397740815587,1,7,221
937,7351,54302161,1.9401582736303675,1,7,221
938,7369,54656449,1.9401816232185451,1,7,221
939,7393,54922921,1.9402018137418768,1,7,221
940,7411,55011889,1.9402068149342557,1,7,221
941,7417,55249489,1.9402212378873085,1,7,221
942,7433,55517401,1.9402397086318883,1,7,221
943,7451,55606849,1.940246208524533,1,7,221
944,7457,55636681,1.9402475489191662,1,7,221
945,7459,55905529,1.9402642615234758,1,7,221
946,7477,55965361,1.940268712646537,1,7,221
947,7481,56055169,1.9402741955924563,1,7,221
948,7487,56085121,1.9402755490226284,1,7,221
949,7489,56235001,1.9402837023206188,1,7,221
950,7499,56355049,1.940292021399751,1,7,221
951,7507,56505289,1.9403031801200623,1,7,221
952,7517,56595529,1.9403090647020733,1,7,221
953,7523,56685841,1.940313436300847,1,7,221
954,7529,56806369,1.9403195958593937,1,7,221
955,7537,56866681,1.940324351623833,1,7,221
956,7541,56957209,1.9403298174306578,1,7,221
957,7547,56987401,1.940332354169518,1,7,221
958,7549,57138481,1.940341290142825,1,7,221
959,7559,57168721,1.9403432856289244,1,7,221
960,7561,57350329,1.9403530699946476,1,7,221
961,7573,57410929,1.940357191230213,1,7,221
962,7577,57501889,1.940363732056937,1,7,221
963,7583,57592921,1.940369111342158,1,7,221
964,7589,57623281,1.9403716171658398,1,7,221
965,7591,57805609,1.9403836562016612,1,7,221
966,7603,57866449,1.9403878219724149,1,7,221
967,7607,58079641,1.9404010079952285,1,7,221
968,7621,58354321,1.940418464305642,1,7,221
969,7639,58415449,1.940421992483906,1,7,221
970,7643,58507201,1.9404279986053,1,7,221
971,7649,58813561,1.9404450436259937,1,7,221
972,7669,58874929,1.9404484537119093,1,7,221
973,7673,58997761,1.9404569088724724,1,7,221
974,7681,59089969,1.9404626517990329,1,7,221
975,7687,59151481,1.9404670009947342,1,7,221
976,7691,59274601,1.9404752288501315,1,7,221
977,7699,59336209,1.9404785186137947,1,7,221
978,7703,59552089,1.9404917087038158,1,7,221
979,7717,59644729,1.9404973898112168,1,7,221
980,7723,59706529,1.9405012631114642,1,7,221
981,7727,59923081,1.9405139054935094,1,7,221
982,7741,60109009,1.9405256862665243,1,7,221
983,7753,60171049,1.9405290896711656,1,7,221
984,7757,60202081,1.940531672659815,1,7,221
985,7759,60668521,1.9405578214204005,1,5,221
986,7789,60730849,1.9405618541667655,1,5,221
987,7793,61105489,1.9405831436940655,1,5,221
988,7817,61199329,1.9405894947081772,1,5,221
989,7823,61293241,1.9405947703205118,1,5,221
990,7829,61481281,1.9406062300589708,1,5,221
991,7841,61669609,1.940618189108645,1,5,221
992,7853,61889689,1.940630868909858,1,5,221
993,7867,61984129,1.9406367062225995,1,5,221
994,7873,62047129,1.9406402823350664,1,5,221
995,7877,62078641,1.9406418697316823,1,5,221
996,7879,62141689,1.9406441131756833,1,5,221
997,7883,62425801,1.9406612490348543,1,5,221
998,7901,62520649,1.9406666418428677,1,5,221
999,7907,62710561,1.940678571519693,1,5,221
1000,7919,62837329,1.940684938099214,1,5,221
